<?xml version="1.0" encoding="UTF-8"?>
<project-private xmlns="http://www.netbeans.org/ns/project-private/1">
    <editor-bookmarks xmlns="http://www.netbeans.org/ns/editor-bookmarks/2" lastBookmarkId="0"/>
    <open-files xmlns="http://www.netbeans.org/ns/projectui-open-files/2">
        <group>
            <file>file:/C:/Users/Austin/Documents/NetBeansProjects/Simulation_Final/src/scenes/TextFriend.java</file>
            <file>file:/C:/Users/Austin/Documents/NetBeansProjects/Simulation_Final/src/scenes/Scene5.java</file>
            <file>file:/C:/Users/Austin/Documents/NetBeansProjects/Simulation_Final/src/scenes/MainScreen.java</file>
            <file>file:/C:/Users/Austin/Documents/NetBeansProjects/Simulation_Final/src/scenes/Scene2.java</file>
            <file>file:/C:/Users/Austin/Documents/NetBeansProjects/Simulation_Final/src/scenes/SchoolScene.java</file>
            <file>file:/C:/Users/Austin/Documents/NetBeansProjects/Simulation_Final/src/scenes/SportScene2.java</file>
            <file>file:/C:/Users/Austin/Documents/NetBeansProjects/Simulation_Final/src/scenes/SportScene1NOPart3.java</file>
            <file>file:/C:/Users/Austin/Documents/NetBeansProjects/Simulation_Final/src/scenes/Scene6_No.java</file>
            <file>file:/C:/Users/Austin/Documents/NetBeansProjects/Simulation_Final/src/scenes/Scene6_Yes.java</file>
            <file>file:/C:/Users/Austin/Documents/NetBeansProjects/Simulation_Final/src/scenes/SportScene1NO.java</file>
            <file>file:/C:/Users/Austin/Documents/NetBeansProjects/Simulation_Final/src/scenes/SportScene1YES.java</file>
            <file>file:/C:/Users/Austin/Documents/NetBeansProjects/Simulation_Final/src/scenes/SurveyAnswers.java</file>
            <file>file:/C:/Users/Austin/Documents/NetBeansProjects/Simulation_Final/src/scenes/Survey.java</file>
            <file>file:/C:/Users/Austin/Documents/NetBeansProjects/Simulation_Final/src/scenes/ECigSimExtraStart.java</file>
            <file>file:/C:/Users/Austin/Documents/NetBeansProjects/Simulation_Final/src/scenes/Scene7.java</file>
            <file>file:/C:/Users/Austin/Documents/NetBeansProjects/Simulation_Final/src/scenes/StereotypeSelection.java</file>
            <file>file:/C:/Users/Austin/Documents/NetBeansProjects/Simulation_Final/src/images/Lockers.jpg</file>
            <file>file:/C:/Users/Austin/Documents/NetBeansProjects/Simulation_Final/src/scenes/ECigs.java</file>
            <file>file:/C:/Users/Austin/Documents/NetBeansProjects/Simulation_Final/src/scenes/PulmonaryDisease.java</file>
        </group>
    </open-files>
</project-private>
